text,conclusi,percent
"RT @allllkpop_: #TEMPO_CHEN @weareoneEXO #EXOKoKoBop vs. Tempo https://t.co/9WzVHldGas
",POSITIVE,75.7904589176178
"RT @_chenish21: TEMPO Ìã∞Ï†Ä Ï±ÑÏÉâ #Ï≤∏ #CHEN #Ï¢ÖÎåÄ #TEMPO_CHEN @weareoneEXO https://t.co/2J1hXpndtg https://t.co/xnPlEnVzQ2  ÌùëÎ∞ú https://t.co/SO8nsv‚Ä¶
",POSITIVE,75.79905986785889
"RT @snow_eriL: ¬øPara cuando el tweet con las fotos de Chen @weareoneEXO? Estoy esperando.#TEMPO_CHEN https://t.co/Wh5xREQYws
",POSITIVE,73.79597425460815
"RT @tea_a_9421: #DONTMESSUPMYTEMPO #TEMPO_CHEN #EXO #CHENÏ≤∏ Ìï∏ÎìúÌè∞ Î∞∞Í≤ΩÌôîÎ©¥1080*1920https://t.co/Qo9qxh1LKGhttps://t.co/wSwHzTmLkl https://t‚Ä¶
",POSITIVE,75.79905986785889
"RT @Asmara_1701: Pemuda adalah peloporpembangunan bangsa.Untuk membangun bangsa maka harus dibangun dulu jiwanya.Yang muda yang membangu‚Ä¶
",POSITIVE,76.43514275550842
"RT @BNotAlone_: ‡∏ä‡πà‡∏ß‡∏¢‡∏à‡∏±‡∏ö‡∏ó‡∏µ‡∏à‡∏∞‡∏•‡πâ‡∏°‡∏´‡∏≤‡∏¢‡πÉ‡∏à‡πÑ‡∏°‡πà‡∏ó‡∏±‡∏ô‡∏¢‡∏≠‡∏°‡πÅ‡∏•‡πâ‡∏ß‡∏à‡∏¢‡πâ‡∏≤ ‚ù§Ô∏èüòò#TEMPO_CHEN #CHEN#ÏóëÏÜå #EXO #weareoneEXO #DONT_MESS_MY_TEMPO @weareoneEXO https://‚Ä¶
",POSITIVE,75.79905986785889
"RT @advokatprubahan: ""Kami putra &amp; putri Indonesia, mengaku bertumpah darah yang satu, tanah Indonesia.Kami putra &amp; putri Indonesia menga‚Ä¶
",POSITIVE,70.97412347793579
"RT @AirMekka: Just finished watching Bohemian Rhapsody with my lady and it really showed me the power of music. How music can unit a whole‚Ä¶
",POSITIVE,83.87666940689087
"RT @snow_eriL: ¬øPara cuando el tweet con las fotos de Chen @weareoneEXO? Estoy esperando.#TEMPO_CHEN https://t.co/Wh5xREQYws
",POSITIVE,73.79597425460815
"RT @galamedianews: Dua Gol Ronaldo Bawa Juventus Tekuk Empoli https://t.co/ail9vaUB5K
",POSITIVE,75.79905986785889
"RT @ZEPRIMADONUTS: Chen X Xiumin X Kai X Chanyeol üë•#TEMPO_CHEN #ÏóëÏÜå #EXO #DONTMESSUPMYTEMPO @weareoneEXO https://t.co/bC4DwWGxgA
",POSITIVE,75.79905986785889
"Selamat #HariSumpahPemuda ü•≥
",POSITIVE,75.79905986785889
"RT @bbh_exo5566: ËÉ∏ÂÖÉÔΩØ„ÄÅOMG‚Ä¶‚Ä¶‚Ä¶‚Ä¶‚Ä¶‚Ä¶„Å£„Å¶„Å™„Å£„Åü‰∫∫Ê≠£Áõ¥„Å´ÊåôÊâã„Åó„Åæ„Åó„Çá„ÅÜ#EXO #ÏóëÏÜå @weareoneEXO#TEMPO_CHEN#DONT_MESS_UP_MY_TEMPO https://t.co/2b1lKft8MR
",POSITIVE,75.79905986785889
"RT @snow_eriL: ¬øPara cuando el tweet con las fotos de Chen @weareoneEXO? Estoy esperando.#TEMPO_CHEN https://t.co/Wh5xREQYws
",POSITIVE,73.79597425460815
"RT @Pikuchen: #TEMPO_CHEN AND ""JONGDAE""  ARE BOTH TRENDING WORLDWIDE !! WE LOVE A POWERFUL KING üëë https://t.co/Sx0U9M1jnq
",POSITIVE,75.79905986785889
"RT @ZEPRIMADONUTS: Chen X Xiumin X Kai X Chanyeol üë•#TEMPO_CHEN #ÏóëÏÜå #EXO #DONTMESSUPMYTEMPO @weareoneEXO https://t.co/bC4DwWGxgA
",POSITIVE,75.79905986785889
"RT @4ever5_SySyL: ""ÎààÎπõÏúºÎ°ú, Í∞ïÎ†¨ÌïòÍ≤å""‚Ä¶ÏóëÏÜå Ï≤∏, Í∞êÍ∞ÅÏ†ÅÏù∏ Ìã∞Ï†Ä Í≥µÍ∞ú (Ï∂úÏ≤ò:Ïä§Ìè¨Ï∏†Ï°∞ÏÑ†|ÎÑ§Ïù¥Î≤Ñ TVÏó∞Ïòà) https://t.co/knKRF61DjcCHEN TeaserThe song 'Damage' is a hip-hop danc‚Ä¶
",POSITIVE,75.79905986785889
"RT @atikahsalsa1: Selamat #HariSumpahPemuda cukup sumpah pemuda aja yg drayakan setiap tahun nya oleh masyarakat dgn rasa bangga, sumpah m‚Ä¶
",POSITIVE,75.50574541091919
"RT @Banser_CyberNU: Sedang berlangsung #IstighotsahKubro https://t.co/TKfG3mwJdz
",POSITIVE,75.79905986785889
"RT @Ferdinand_Haean: ‚úåüèª‚úåüèª‚úåüèªüáÆüá©üáÆüá©üáÆüá© https://t.co/P5q5f9LVsa
",POSITIVE,75.79905986785889
"RT @Pikuchen: KIM JONGDAE AINT PLAYING GAMES HE CAME FOR BLOOD SOULS AND WIGS, STEALING HEARTS HIS SONG TITTLE IS DAMAGE AND I CANT BELIEVE‚Ä¶
",POSITIVE,75.79905986785889
"RT @infoBMKG: ""Beri aku seribu orang tua, niscaya akan kucabut semeru dari akarnya. Beri aku sepuluh pemuda niscaya akan kuguncangkan dunia‚Ä¶
",POSITIVE,75.4505455493927
"RT @EXOVotingSquad: #TEMPO_CHEN Jongdae ah ah ah ah!!!!I guess this is how the word Jongdae [not hashtag but word] is trending!@weare‚Ä¶
",POSITIVE,83.81648659706116
"RT @allkpop: EXO's Chen is an exhilarating heartthrob in 'Don't Mess Up My Tempo' individual teaser #TEMPO_CHENhttps://t.co/fp4v0d8IP6 htt‚Ä¶
",POSITIVE,77.21001505851746
"RT @Pikuchen: I added Jongdae's ""Watch out"" to Jongdae's teaser and it's so beautiful #TEMPO_CHEN https://t.co/4k7e5lUkPT
",POSITIVE,78.42608690261841
"RT @RekanSaber: @ASapardan Selamat pagi..Kita itu satu nusaKita itu satu bangsaKita itu satu bahasaIndonesia https://t.co/DBaQE8rDly
",POSITIVE,75.79905986785889
"RT @baby_chennn: my kitten üíõ#DONTMESSUPMYTEMPO #TEMPO_CHEN  #Ï≤∏ #CHEN https://t.co/Fkl9Kx8hZe
",POSITIVE,75.79905986785889
"RT @Pikuchen: Expectation               Vs                Reality#TEMPO_CHEN https://t.co/uSmux6r4O3
",POSITIVE,75.79905986785889
"RT @XiuminsTempo: Funny Jongdae‚Äôs song is called ‚ÄúDamage‚Äù as he damaged everyone‚Äôs bias list with seconds. #tempo_chen @weareoneEXO
",POSITIVE,73.68139028549194
"RT @RachlanNashidik: Jembatan Suramadu: jejak karya banyak Presiden. Digagas Soekarno,  dilanjutkan perencanaannya oleh Soeharto, Habibie d‚Ä¶
",POSITIVE,76.09540224075317
"RT @EXOGlobal: [!] 181028 EXO-L ""Jongdae"" is currently trending at #10 WW and in Korea üéâüéâüçæüçæPlease keep tweeting and supporting Chen~‚ù§ Che‚Ä¶
",POSITIVE,80.22253513336182
"RT @babyz_tigger4B: ‡πÄ‡∏õ‡∏µ‡∏¢‡∏ô‡πâ‡∏≠‡∏¢‡πÜ‡∏Ç‡∏≠‡∏á‡∏ô‡πâ‡∏≠‡∏á ‡πÉ‡∏Ñ‡∏£‡∏ñ‡∏±‡∏Å‡∏Å‡∏Å‡∏Å 555555 #TEMPO_CHEN https://t.co/G2RdXQ9Zru
",POSITIVE,75.79905986785889
"semoga timnas U-19 nanti malam menang lawan jepang.. km bs anak muda #HariSumpahPemuda
",POSITIVE,59.63613986968994
"Para pedagang yang tergabung dalam Komite Pedagang Pasar (KPP) menyatakan dukungannya kepada capres-cawapres nomor‚Ä¶ https://t.co/WfD4Ib8It8
",POSITIVE,76.86514854431152
"RT @pondpeng: ‡∏Ç‡∏≠‡πÄ‡∏õ‡πá‡∏ô‡πÄ‡∏°‡∏µ‡∏¢‡∏ß‡∏±‡∏ô‡∏ô‡∏∂‡∏á‡πÑ‡∏î‡πâ‡∏°‡∏±‡πâ‡∏¢#TEMPO_CHEN https://t.co/XajrAUq6Ff
",POSITIVE,75.79905986785889
"Sumpah Pemuda Bangun Pemuda Satukan Indonesia..#biaknumfor #sumpahpemuda #harisumpahpemuda #28oktober‚Ä¶ https://t.co/dOFRipn2jl
",POSITIVE,75.79905986785889
"@weareoneEXO Êé®„Åó„ÅåÈ∫ó„Åó„Åè„Å¶„ÇÅ„Å£„Å°„ÇÉÂπ∏„Åõ(*¬¥œâÔΩÄ*)#EXO #DONTMESSUPMYTEMPO #TEMPO_CHEN https://t.co/AXiblgAbF1
",POSITIVE,75.79905986785889
"Sontoloyo !!
",POSITIVE,75.79905986785889
"#EXO #TEMPO_CHEN #DONT_MESS_UP_MY_TEMPO @BBHGlobalUnion @ForChenUnion @KimJongdaeLatam La canci√≥n que:M√°s me entri‚Ä¶ https://t.co/vJSllItHQu
",POSITIVE,75.76839327812195
"selamat #HariSumpahPemuda untuk IndonesiaüáÆüá©
",POSITIVE,75.74302554130554
"RT @EXO_CHEN_TH: #CHEN TEASER ‡∏ß‡∏±‡∏ô‡∏ô‡∏µ‡πâ‡∏ñ‡∏∂‡∏á‡∏Ñ‡∏¥‡∏ß‡∏à‡∏á‡πÅ‡∏î‡∏°‡∏≤‡∏ö‡∏¥‡∏î‡∏°‡∏≠‡πÄ‡∏ï‡∏≠‡∏£‡πå‡πÑ‡∏ã‡∏Ñ‡πå ‡∏™‡∏≤‡∏ß‡πÜ‡∏û‡∏£‡πâ‡∏≠‡∏°‡∏ã‡πâ‡∏≠‡∏ô‡∏ó‡πâ‡∏≤‡∏¢‡∏Å‡∏±‡∏ô‡∏°‡∏±‡πâ‡∏¢‡πÄ‡∏≠‡πà‡∏¢‡∏¢ ‡πÑ‡∏õ‡∏ã‡πâ‡∏≠‡∏ô‡∏ó‡πâ‡∏≤‡∏¢‡πÅ‡∏•‡∏∞‡∏Å‡∏£‡∏µ‡πä‡∏î‡∏Å‡∏£‡πä‡∏≤‡∏î‡πÑ‡∏õ‡∏î‡πâ‡∏ß‡∏¢‡∏Å‡∏±‡∏ô‡∏Ñ‡πà‡∏≤‡∏≤ üòçüòç&gt;&gt;‚Ä¶
",POSITIVE,75.79905986785889
"#BerhentiDiKamu Pertama kenal wkt klas 5 SD, belum ada apa apa dan gak dekat. SMP-SMA break, kembali ktmu waktu ku‚Ä¶ https://t.co/kOGvo7jJkK
",POSITIVE,76.72618627548218
"RT @PHIXOVotingTeam: Tempo by EXO is already on Shazam. Download Shazam now.Play SM's Official Teaser for EXO on Youtubehttps://t.co/Nw9‚Ä¶
",POSITIVE,77.61850357055664
"RT @AndiArief__: Suramadu Projek mangkrak Presiden Megawati 2003 karena kesulitan pembiayaaan, Sebagai penerus SBY melanjutkan hingga seles‚Ä¶
",POSITIVE,76.73362493515015
"RT @Pikuchen: OH MY GOD ITS JONGDAE TEASER AHHHHH #TEMPO_CHEN#DONT_MESS_UP_MY_TEMPO https://t.co/rscDvODtD0
",POSITIVE,75.79905986785889
"Ronaldo rocket gives Juventus scrappy win at Empoli (via @football_ie) https://t.co/p9Wgi9h49C
",POSITIVE,76.20697617530823
"RT @soompi: #EXO's Chen Exudes Charisma In ""Don't Mess Up My Tempo"" Teasers #TEMPO_CHENhttps://t.co/hsKU6uSBY6 https://t.co/0df6qzMtx0
",POSITIVE,75.79905986785889
"@YCH7168 @buzerman18 @AkunTofa SELAMAT #HariSumpahPemuda dan tetap menjadi #P3mudaB3rSATU
",POSITIVE,75.79905986785889
"holy crap kim jongdae
",POSITIVE,75.79905986785889
"RT @jpnncom: Satu tanah air, satu bangsa dan satu bahasa Indonesia.Selamat Hari Sumpah Pemuda.28 Oktober 2018#SumpahPemuda#HariSumpahPe‚Ä¶
",POSITIVE,74.02654886245728
"RT @OverlordEXO: [DON'T MESS UP MY TEMPO]Album PO Count (D-6)Ktown4u - 147,660Synnara - 143,156EXOBar (CEXOLs) - 239,312Total: 530,‚Ä¶
",POSITIVE,75.79905986785889
"RT @ClTYFOOL: every gay was born knowing every lyric to bohemian rhapsody
",POSITIVE,75.82851052284241
"RT @rhona_yeol: Can CHEN get 350 rts and 250 replies? üíïüíïIt's chen this time. Soondingie come out!!!#TEMPO_CHEN @weareoneEXO
",POSITIVE,76.49983167648315
"RT @HAnahiRD: Ya quiero ver bohemian rhapsody üò£
",POSITIVE,75.79905986785889
"RT @EXO_FANBASE: 181028 EXO's 5th album ""DON'T MESS UP MY TEMPO"" teaser images - #CHENhttps://t.co/opTzNjQPowhttps://t.co/hSXouOlHD6htt‚Ä¶
",POSITIVE,75.79905986785889
"RT @GiaPratamaMD: Teman2,skrg saya &amp; tim lg buat Lagu OST brhnti di kamu,trus senyum2 sendiri,sknario Allah tu bnr2 luar biasa ya dan pasti‚Ä¶
",POSITIVE,74.27676916122437
"RT @Dwiyana_DKM: TERIMA KASIH PAK @jokowi Alhamdulillah, kinerja &amp; program pemerintah utk meningkatkan kesejahteraan rakyat trlaksana, pe‚Ä¶
",POSITIVE,72.99457788467407
"RT @onedaychen: &lt;GIF&gt; 'Circuit #CHEN'https://t.co/2aR9lHsrAB#EXO #Ï≤∏ #Ï¢ÖÎåÄ #ÏõÄÏß§ #weareoneEXO#DONTMESSUPMYTEMPO#TEMPO_CHEN https://t.co/MP5‚Ä¶
",POSITIVE,75.79905986785889
"RT @AiR_ZYXaiKJD: #TEMPO_CHEN                                  ‡∏õ‡∏µ1           vs           ‡∏õ‡∏µ4 https://t.co/xcbe7YjodT
",POSITIVE,75.7904589176178
"RT @none389: These edit wins #TEMPO_CHEN https://t.co/mQbmQiqrtY
",POSITIVE,75.79386234283447
"RT @minesaowalak: ‡∏û‡∏µ‡πà‡∏à‡∏á‡πÅ‡∏î‡∏£‡∏π‡∏õ‡∏ô‡∏µ‡πâ‡∏Ñ‡∏∑‡∏≠‡∏ä‡∏ô‡∏ä‡∏±‡πâ‡∏ô‡∏™‡∏π‡∏á‡∏°‡∏≤‡∏Å‡∏Å‡∏Å ‡∏´‡∏•‡πà‡∏≠‡∏°‡∏≤‡∏Å‡∏Å ‡πÑ‡∏°‡πà‡∏Ñ‡πà‡∏≠‡∏¢‡πÄ‡∏Ñ‡∏¢‡πÄ‡∏´‡πá‡∏ô‡∏û‡∏µ‡πà‡πÇ‡∏û‡∏™‡∏ó‡πà‡∏≤‡∏ô‡∏µ‡πâ‡πÄ‡∏•‡∏¢ ‡πÅ‡∏ï‡πà‡πÅ‡∏ö‡∏ö‡∏î‡∏π‡∏î‡∏µ‡∏°‡∏≤‡∏Å‡πÜ ‡πÉ‡∏à‡∏à‡∏∞‡∏•‡∏∞‡∏•‡∏≤‡∏¢‡∏≠‡πà‡∏∞#TEMPO_CHEN#DONTMESSUP‚Ä¶
",POSITIVE,75.79905986785889
"Alasan Jokowi Gratiskan Tarif Tol Jembatan Suramadu https://t.co/E56SjAHmC2
",POSITIVE,75.79905986785889
"RT @ferrdioficial: ¬°La clave Bianconera! üî•#Cristiano hizo lo que sabe hacer, su equipo #Juventus se encontraba en desventaja (1-0), ante‚Ä¶
",POSITIVE,75.32106041908264
"RT @theexovibe: if jongdae's teaser pics were vogue covers...#TEMPO_CHEN #TEMPO_JONGDAE https://t.co/XsELUnVe2i
",POSITIVE,75.70908069610596
"RT @Adetrykusuma23: @daraprayoga_ @miamulyas Perjalanan jauh nan panjang ku lalui... Namun pada akhirnya #BerhentiDiKamu https://t.co/QqHe‚Ä¶
",POSITIVE,76.11635327339172
"RT @may___xo: DON'T MESS UP MY TEMPOCircuit #CHEN DAMAGE#ÏóëÏÜå #EXO #weareoneEXO @weareoneEXO #DONTMESSUPMYTEMPO #CHEN #TEMPO_CHEN #Ï≤∏ http‚Ä¶
",POSITIVE,75.79905986785889
"RT @BUNNYMYE0N: 61 (PCY) - Sign ‚úî88 (KJI) - Ooh La La La ‚úî12 (DKS) - Gravity ‚úî04 (BBH) - With You ‚úî99 (KMS) - 24/7 ‚úî94 (OSH) - Bad Dre‚Ä¶
",POSITIVE,75.79905986785889
"RT @BUNNYMYE0N: 61 (PCY) - Sign ‚úî88 (KJI) - Ooh La La La ‚úî12 (DKS) - Gravity ‚úî04 (BBH) - With You ‚úî99 (KMS) - 24/7 ‚úî94 (OSH) - Bad Dre‚Ä¶
",POSITIVE,75.79905986785889
"RT @EXOGlobal: [!] 181028 EXO-L ""Jongdae"" is currently trending at #10 WW and in Korea üéâüéâüçæüçæPlease keep tweeting and supporting Chen~‚ù§ Che‚Ä¶
",POSITIVE,80.22253513336182
"RT @TV9NUsantara: Twips, 28 Oktober diperingati sebagai Hari #sumpahpemuda Mari Bangun PemudaSatukan Indonesia.Satu Tanah Air, Bangsa‚Ä¶
",POSITIVE,75.40634870529175
"RT @aeridays: üó£üó£1000 Replies for this one because he is so beautiful I wanna cry#TEMPO_CHEN @weareoneEXO https://t.co/gGNgFhdVyc
",POSITIVE,73.78919720649719
"RT @Cr7Fran4ever: Cristiano Ronaldo's game stats against Empoli:90 Minutes2 Goals6 Shots (3 On target)2 Key passes42 Passes88% PA%1‚Ä¶
",POSITIVE,75.98823308944702
"RT @_b_bh0506: This comeback concept really suits for Jongdae omgg#TEMPO_CHEN
",POSITIVE,75.79905986785889
"RT @JuventusGO: S√ÅCALA!!! GOLAZOOOOOOOOOOOOOOOOOOOOOOOOOOOOOOOOOOOOOOOOOOOOOOOOOOOOOOOOOOOO Y DOBLETE DE CR7SIIIIIIIIIIIIIIIIIIIIIIIIIIII‚Ä¶
",POSITIVE,75.79905986785889
"RT @guadalupe934: Que linda üòÇüíïSi por favor mi Jongdae calmate üôä#TEMPO_CHEN @weareoneEXO https://t.co/WfbKQfTQdz
",POSITIVE,75.79905986785889
"RT @Helma_Siregar: Selamat hari sumpah pemuda#HariSumpahPemuda https://t.co/k6B1wT2FK4
",POSITIVE,75.79905986785889
"RT @Exofanbase: [INSTAGRAM] 181028 weareone.exo Instagram Update with Chen"" EXO The 5th Album""DON'T MESS UP MY TEMPO""Circuit #.CHENGe‚Ä¶
",POSITIVE,75.57594776153564
"RT @bbh_exo5566: ËÉ∏ÂÖÉÔΩØ„ÄÅOMG‚Ä¶‚Ä¶‚Ä¶‚Ä¶‚Ä¶‚Ä¶„Å£„Å¶„Å™„Å£„Åü‰∫∫Ê≠£Áõ¥„Å´ÊåôÊâã„Åó„Åæ„Åó„Çá„ÅÜ#EXO #ÏóëÏÜå @weareoneEXO#TEMPO_CHEN#DONT_MESS_UP_MY_TEMPO https://t.co/2b1lKft8MR
",POSITIVE,75.79905986785889
"RT @XiuminsTempo: Funny Jongdae‚Äôs song is called ‚ÄúDamage‚Äù as he damaged everyone‚Äôs bias list with seconds. #tempo_chen @weareoneEXO
",POSITIVE,73.68139028549194
"Sumpah PemudaKami putra dan putri Indonesia, mengakui bertumpah darah yang satu, tanah air Indonesia.Kami putra‚Ä¶ https://t.co/AjzshGU9rM
",POSITIVE,71.45697474479675
"RT @Pikuchen: OH MY GOD ITS JONGDAE TEASER AHHHHH #TEMPO_CHEN#DONT_MESS_UP_MY_TEMPO https://t.co/rscDvODtD0
",POSITIVE,75.79905986785889
"Semoga sebentar lagi digratiskan pajak listriknya. Kan negara nggak hitung untung rugi seperti penggratisan tol Sur‚Ä¶ https://t.co/UQ305iF0E4
",POSITIVE,81.61793947219849
"RT @kompascom: Jembatan Suramadu memiliki sejarah yang panjang sebelum rencana dibuka bebas tarif hari ini. https://t.co/SwUSO6U32L
",POSITIVE,78.40815782546997
"RT @TV9NUsantara: Mari bersama-sama bermunajat memohon ampunan atas segala khilaf kita semua. Simak Live #IstighotsahKubro bersama Masayikh‚Ä¶
",POSITIVE,76.1252760887146
"RT @BKNgoid: #SobatBKN jk kau mengaku bertumpah darah yg satu, berbangsa satu &amp; berbahasa persatuan, buktikan dgn niat &amp; hati yg tulusBan‚Ä¶
",POSITIVE,69.82880234718323
"Jembatan Suramadu Digratiskan, Gerindra: Jokowi Show¬†Off https://t.co/OQ9b3vTdl5
",POSITIVE,75.79905986785889
"RT @KEMENPORA_RI: Sudah 90 tahun para pemuda-pemudi menjadi tulang punggung bangsa, menjadi jiwa penggerak yang senantiasa mendorong Indone‚Ä¶
",POSITIVE,75.25384426116943
"RT @suntara_p: ‡∏´‡∏ß‡∏µ‡∏î‡∏ä‡πâ‡∏≤‡πÑ‡∏õ‡∏´‡∏ô‡πà‡∏≠‡∏¢.   ‡∏î‡∏µ‡∏≠‡∏∞‡πÑ‡∏£‡∏≠‡∏¢‡πà‡∏≤‡∏á‡∏ô‡∏µ‡πâ‡∏Ñ‡∏∞‡∏•‡∏π‡∏Å‡∏Å‡∏Å‡∏Å‡∏Å‡∏Å‡∏Å‡∏Å‡∏Å‡∏Å‡∏Å ‡∏≠‡∏¢‡πà‡∏≤‡∏à‡∏±‡∏ö‡∏Ç‡∏±‡∏á‡πÑ‡∏°‡πà‡πÉ‡∏´‡πâ‡∏≠‡∏≠‡∏Å‡πÑ‡∏õ‡πÑ‡∏´‡∏ô‡πÄ‡∏£‡∏¢‡∏à‡∏¥‡∏á‡πÜ #TEMPO_CHEN https://t.co/eEgQYK9NeZ
",POSITIVE,75.79905986785889
"RT @cuun61: ‡πÅ‡∏à‡∏Å 21 ‡∏ö‡∏≤‡∏ó ‡∏£‡∏µ‡πÑ‡∏î‡πâ‡∏ñ‡∏∂‡∏á ‡∏û‡∏ô 21.30 ‡∏ô. ‡∏à‡∏á‡πÅ‡∏î‡∏î‡∏î‡∏î‡∏î‡∏î‡∏î‡∏î‡∏î‡∏î‡∏î‡∏´‡∏•‡πà‡∏≠‡∏°‡∏≤‡∏Å‡∏Å‡∏Å‡∏Å‡∏Å‡∏Å‡∏Å‡∏Å‡∏Å‡∏Å‡∏Å‡∏Å‡∏Å‡∏Å‡∏Å‡∏Å‡∏Å‡∏Å‡∏î‡∏Å  ‚ú®üò≠ #TEMPO_CHEN #DONTMESSUPMYTEMPO #DONT_MESS_UP_MY_T‚Ä¶
",POSITIVE,75.79905986785889
"RT @smolkjd: THE FACT THAT NOT ONLY #TEMPO_CHEN IS TRENDING WORLDWIDE BUT ALSO JONGDAE'S NAME BY ITSELF IS SO POWERFUL THIS MAN REALLY HAD‚Ä¶
",POSITIVE,75.79905986785889
"@fayrahman90 @AndiArief__ 4 tahun ini kok ga di gratiskan? jangan2 duit hasil tol suramadu selama 4 tahun dikorupsi‚Ä¶ https://t.co/6E7BjJAAPj
",POSITIVE,79.52196002006531
"enak aj lu nurunin bendera merah putih diganti bendera hti.tembak mati!#HariSumpahPemuda
",POSITIVE,70.8752691745758
"RT @RekanSaber: @ASapardan Selamat pagi..Kita itu satu nusaKita itu satu bangsaKita itu satu bahasaIndonesia https://t.co/DBaQE8rDly
",POSITIVE,75.79905986785889
"RT @aeridays: 200M hearts on the comeback showcaseüéâüéâEXO-L you've worked hard, keep up the tempo ‚ù§https://t.co/jrZsq1FOg1#EXO #TEMPO_C‚Ä¶
",POSITIVE,76.26296281814575
"RT @aeridays: Which one is your favorite picture? I CAN'T CHOOSE üòÖ#TEMPO_CHEN @weareoneEXO https://t.co/PJhLw5YhXB
",POSITIVE,75.79795718193054
"RT @Baroindra: Video ini bagus banget, nyindir pemuda pemudi zaman now yang lupa isi sumpah pemuda, bahkan banyak yang ngobrol sama satu ba‚Ä¶
",POSITIVE,80.40306568145752
"RT @jonginswife_: Jongdae is trending in the USA üíï #TEMPO_CHEN https://t.co/0KdSFAZrRE
",POSITIVE,76.88713073730469
"RT @PatriciaDorta40: #PuebloEnDefensaDeLaPatria urge definitivamente que se pongan los patines a favor del Pueblo Lorenzo Mendoza Pittsburg‚Ä¶
",POSITIVE,75.79905986785889
"RT @projopusat: Selamat #HariSumpahPemuda 28 Oktober 2018.. Pancasila, NKRI, Bhinneka Tunggal Ika HARGA MATI!! @ruhutsitompul @kangdede78‚Ä¶
",POSITIVE,75.5224883556366
"RT @RachlanNashidik: Jembatan Suramadu: jejak karya banyak Presiden. Digagas Soekarno,  dilanjutkan perencanaannya oleh Soeharto, Habibie d‚Ä¶
",POSITIVE,76.09540224075317
"TOL SURAMADU SUDAH GRATIS SEJAK SETAHUN LALU.KHOK, DINYATAKAN GRATIS OLEH PRESIDEN  KEMAREN YA..
",POSITIVE,75.79905986785889
"@MAMA_Lala09 Unchhh #TEMPO_CHEN
",POSITIVE,75.79905986785889
"Selama masa kampanye, sebanyak 700 relawan kini sdh terdaftar di TKN. Menjamurnya relawan Jokowi-Ma'ruf Amin ini me‚Ä¶ https://t.co/yqFHpVhMJo
",POSITIVE,75.6411612033844
"RT @Mohammad_ali411: Kalian pikir setelah menggratiskan Tol suramadu lalu Masyarakat Madura akan pindah haluan dukung pak jokowi gitu....?‚Ä¶
",POSITIVE,77.77000665664673
"RT @JuanpeOjeda7: Busco acompa√±ante para ir a ver Bohemian Rhapsody al cine
",POSITIVE,75.5273699760437
"RT @nathcampost: Piel chinita saliendo de ver ‚ÄúBohemian Rhapsody‚Äù üôåüèªüò≠üîù.
",POSITIVE,75.15110969543457
"RT @rlthingy: /rlt/‚ÄúBerikan aku 1000 orang tua, niscaya akan kucabut semeru dari akarnya, berikan aku 1 pemuda, niscaya akan kuguncangkan‚Ä¶
",POSITIVE,75.14348030090332
"RT @KEMENPORA_RI: Sudah 90 tahun para pemuda-pemudi menjadi tulang punggung bangsa, menjadi jiwa penggerak yang senantiasa mendorong Indone‚Ä¶
",POSITIVE,75.25384426116943
"RT @cuun61: ‡πÅ‡∏à‡∏Å 21 ‡∏ö‡∏≤‡∏ó ‡∏£‡∏µ‡πÑ‡∏î‡πâ‡∏ñ‡∏∂‡∏á ‡∏û‡∏ô 21.30 ‡∏ô. ‡∏à‡∏á‡πÅ‡∏î‡∏î‡∏î‡∏î‡∏î‡∏î‡∏î‡∏î‡∏î‡∏î‡∏î‡∏´‡∏•‡πà‡∏≠‡∏°‡∏≤‡∏Å‡∏Å‡∏Å‡∏Å‡∏Å‡∏Å‡∏Å‡∏Å‡∏Å‡∏Å‡∏Å‡∏Å‡∏Å‡∏Å‡∏Å‡∏Å‡∏Å‡∏Å‡∏î‡∏Å  ‚ú®üò≠ #TEMPO_CHEN #DONTMESSUPMYTEMPO #DONT_MESS_UP_MY_T‚Ä¶
",POSITIVE,75.79905986785889
"RT @KermodeMovie: And my first declaration as an Honorary Professor in Film at @ExeterFilm is ...""I really enjoyed BOHEMIAN RHAPSODY!"" htt‚Ä¶
",POSITIVE,81.0630202293396
"RT @Esp_Interativo: QUE GOLA√áO, PAI! @Cristiano Ronaldo marcou os dois gols da vit√≥ria da Juventus sobre o Empoli e o da virada foi essa PI‚Ä¶
",POSITIVE,74.35239553451538
"RT @Pikuchen: MY HEART DROPPED OUT OF MY CHEST I STOPPED BREATHING AND DIED THE MOMENT HE TOOK HIS HELMET AND SHOOK HIS HEAD WHILE HIS HAIR‚Ä¶
",POSITIVE,75.79905986785889
"Selamat #HariSumpahPemuda Semoga pemuda Indonesia makin berintegritas dan semakin baik kedepannya.
",POSITIVE,75.69805383682251
"RT @rlthingy: /rlt/‚ÄúBerikan aku 1000 orang tua, niscaya akan kucabut semeru dari akarnya, berikan aku 1 pemuda, niscaya akan kuguncangkan‚Ä¶
",POSITIVE,75.14348030090332
"RT @rlthingy: /rlt/‚ÄúBerikan aku 1000 orang tua, niscaya akan kucabut semeru dari akarnya, berikan aku 1 pemuda, niscaya akan kuguncangkan‚Ä¶
",POSITIVE,75.14348030090332
"RT @yifanosh: jongdae was spared from the ugly blue lenses omg üòØüòç#TEMPO_CHEN https://t.co/FUc7ZPKrnJ
",POSITIVE,75.8289635181427
"RT @OverlordEXO: [TRENDING CHALLENGE]Make This Tweet To Reach 500 Replies As Fast As Possible.Record To Break: 7 MinutesAre We Gonna‚Ä¶
",POSITIVE,75.79905986785889
"RT @allllkpop_: #TEMPO_CHEN @weareoneEXO #EXOKoKoBop vs. Tempo https://t.co/9WzVHldGas
",POSITIVE,75.7904589176178
"RT @N0ly31: @weareoneEXO Si me gusta un dinosaurio o sea DinoChen ¬øsoy Dinofilica?Ok no, ya mejor me voy üö∂üèª‚Äç‚ôÄÔ∏èüö™Te AMO CHENüíñü¶ï@weareoneE‚Ä¶
",POSITIVE,67.94801950454712
"RT @29chaaa_: Satu nusa, satu bangsa, satu bahasa. Selamat hari #SumpahPemuda !
",POSITIVE,76.0274350643158
"RT @_mybenzs: ""‡∏ó‡∏≥‡πÑ‡∏°‡∏ñ‡∏∂‡∏á‡πÑ‡∏°‡πà‡∏¢‡∏≠‡∏°‡∏Ç‡∏∂‡πâ‡∏ô‡∏î‡∏µ ‡πÜ """"‡∏Å‡πá... ‡∏Å‡πá‡∏ö‡∏¥‡πä‡∏Å‡πÑ‡∏ö‡∏Ñ‡πå‡∏°‡∏±‡∏ô‡∏ô‡πà‡∏≤‡∏Å‡∏•‡∏±‡∏ß‡∏ô‡∏µ‡πà‡∏Ñ‡∏∞ ‡∏ó‡∏±‡πâ‡∏á‡πÄ‡∏£‡πá‡∏ß‡πÅ‡∏•‡πâ‡∏ß‡∏Å‡πá‡πÄ‡∏™‡∏µ‡∏¢‡∏á‡∏î‡∏±‡∏á‡∏î‡πâ‡∏ß‡∏¢""""‡∏°‡∏µ‡∏û‡∏µ‡πà‡∏≠‡∏¢‡∏π‡πà‡∏à‡∏∞‡∏Å‡∏•‡∏±‡∏ß‡∏≠‡∏∞‡πÑ‡∏£ ‡πÄ‡∏ò‡∏≠‡∏à‡∏∞‡∏Ç‡∏∂‡πâ‡∏ô‡∏£‡∏ñ‡∏î‡∏µ‡πÜ‡∏´‡∏£‡∏∑‡∏≠‚Ä¶
",POSITIVE,75.79905986785889
"RT @beautykriss: ‡πÅ‡∏á‡πâ‡πâ‡πâ ‡∏û‡∏µ‡πà‡∏´‡∏•‡πà‡∏≠‡∏°‡∏≤‡∏Å‡∏Å‡∏Å ‡πÅ‡∏û‡πâ‡πÅ‡∏•‡πâ‡∏ß ‡πÑ‡∏°‡πà‡πÑ‡∏´‡∏ß‡πÅ‡∏•‡πâ‡∏ß‡∏ß‡∏ß ‡∏ß‡∏±‡∏ô‡∏ô‡∏µ‡πâ‡∏ó‡∏≤‡∏¢‡∏ñ‡∏π‡∏Å‡∏î‡πâ‡∏ß‡∏¢ ‡πÅ‡∏à‡∏Å 21‡∏ø ‡πÑ‡∏õ‡πÄ‡∏•‡πâ‡∏¢‡∏¢‡∏¢‡∏¢  ‡πÄ‡∏â‡∏û‡∏≤‡∏∞ ‡∏≠‡∏ã‡∏≠. 100% ‡πÑ‡∏°‡πà‡πÄ‡∏•‡∏∑‡∏≠‡∏î‡∏ú‡∏™‡∏°‡∏ô‡∏∞‡∏à‡πä‡∏∞ ‡∏£‡∏µ‡∏≠‡∏¢‡πà‡∏≤‡∏á‡πÄ‡∏î‡∏µ‡∏¢‚Ä¶
",POSITIVE,75.79905986785889
"RT @rosiyanto0210: Takkan goyah pilihan q sbg orng madura bang mski suramadu gratis..sawi ya sawi..sawo ttp sawo..suramadu gratis krn @joko‚Ä¶
",POSITIVE,63.8724684715271
"Caused of death part 3 #TEMPO_CHEN YAHHH KIM JONGDAE WHAT YOU SO HOT FOR???? THIS IS ILLEGAL AKSKSNSJSNSNSNSNS OMG‚Ä¶ https://t.co/c7Oc3yBVeU
",POSITIVE,75.48416256904602
"RT @khuddamID: Selamat Hari Sumpah Pemuda ""Satu Tanah Air, Satu Bangsa, Satu Bahasa Indonesia"" #SumpahPemuda #sumpahpemuda2018 https://t.co‚Ä¶
",POSITIVE,75.79905986785889
"RT @NotiFutbol: El BOMBAZO de Cristiano Ronaldo frente al Empoli que signific√≥ la victoria 2-1. CR7 marc√≥ ambos goles. üî• #Juventus #SerieA‚Ä¶
",POSITIVE,74.55949187278748
"RT @WWEXOL: Someone is wrecking the EXO-L bias list! Is he perhaps named #TEMPO_CHEN?How was your teaser day, everyone? Are you still goo‚Ä¶
",POSITIVE,66.67812466621399
"RT @ClTYFOOL: every gay was born knowing every lyric to bohemian rhapsody
",POSITIVE,75.82851052284241
"RT @francescoceccot: Ovviamente articolo non firmatoü§£ü§£ü§£ https://t.co/ukyc6meMJs
",POSITIVE,75.6479561328888
"RT @soompi: #EXO's Chen Exudes Charisma In ""Don't Mess Up My Tempo"" Teasers #TEMPO_CHENhttps://t.co/hsKU6uSBY6 https://t.co/0df6qzMtx0
",POSITIVE,75.79905986785889
"supaya pembebasan tarif Jembatan Tol Suramadu bisa menggenjot investasi dan terbukanya lapangan kerja sebanyak-bany‚Ä¶ https://t.co/bXYka0CQDh
",POSITIVE,72.60705232620239
"RT @intexolteam: 181028 [OFFICIAL] weareone.EXO Instagram Story with Chen:""Code Number #CHEN""üîó https://t.co/IHXg8hq2qa#TEMPO_CHEN @we‚Ä¶
",POSITIVE,75.57594776153564
"RT @Ayung_N: Stadion Delta Sidoarjo telah dipenuhi jamaah #IstighotsahKubro @qitmr @GunRomli @sahaL_AS https://t.co/xoC2pCHXkm
",POSITIVE,75.79593062400818
"#TEMPO_CHEN @weareoneEXO https://t.co/AYkyYL5XxU
",POSITIVE,75.79905986785889
"RT @TV9NUsantara: Ahlan wa sahlan para jamaah #IstighotsahKubro di Bumi Shalawat Sidoarjo. Warga Nahdliyin Nahdliyat bermunajat utk Indon‚Ä¶
",POSITIVE,75.8017361164093
"RT @BUNNYMYE0N: 61 (PCY) - Sign ‚úî88 (KJI) - Ooh La La La ‚úî12 (DKS) - Gravity ‚úî04 (BBH) - With You ‚úî99 (KMS) - 24/7 ‚úî94 (OSH) - Bad Dre‚Ä¶
",POSITIVE,75.79905986785889
"#HariSumpahPemuda #GarudaMuda #90menitMenujuPialaDuniaüòáüôè
",POSITIVE,75.79905986785889
"RT @smolkjd: THE FACT THAT NOT ONLY #TEMPO_CHEN IS TRENDING WORLDWIDE BUT ALSO JONGDAE'S NAME BY ITSELF IS SO POWERFUL THIS MAN REALLY HAD‚Ä¶
",POSITIVE,75.79905986785889
"RT @ruhutsitompul: Semakin kalap nie ye, para pendukung Prabowo &amp; Sandi ‚ÄúHarga BBM tidak jadi naik m a r a h   Eh Tol Suramadu digratiskan‚Ä¶
",POSITIVE,76.76306366920471
"RT @heniunique: Catatan Najwa Shihab untuk #HariSumpahPemuda Para pemuda pernah BERSUMPAH kepada Indonesia, akan BERSATU dalam tumpah dar‚Ä¶
",POSITIVE,75.65107941627502
"RT @AlieMusyafa: Delta sidoarjo bersholawat dalam rangka #IstighotsahKubro untuk keselamatan dan persatuan bangsa ""Dedikasi Santri untuk Ne‚Ä¶
",POSITIVE,77.83378958702087
"RT @EXOfanbase_Int: #TEMPO_CHEN@weareoneEXO https://t.co/zBD8ZeLHto
",POSITIVE,75.79905986785889
"RT @EXOGlobal: #TEMPO_CHEN is already #1 trending worldwide. Do not forget using the hashtag in all of your tweets and supporting our Jongd‚Ä¶
",POSITIVE,80.7931661605835
"RT @SS_SignSign: ‡∏ó‡πá‡∏≠‡∏õ‡∏ü‡∏≠‡∏£‡πå‡∏°‡∏°‡∏≤‡∏ï‡∏•‡∏≠‡∏î‡∏î‡∏î‡∏î ‡∏ú‡∏°‡∏™‡∏µ‡∏≠‡πà‡∏≠‡∏ô‡πÜ‡πÄ‡∏Ç‡πâ‡∏≤‡∏Å‡∏±‡∏ö‡∏à‡∏á‡πÅ‡∏î‡∏°‡∏≤‡∏Å‡πÄ‡∏•‡∏¢ ‡∏´‡∏•‡πà‡∏≠‡∏°‡∏≤‡∏Å‡∏Å‡∏Å‚ù§‚ù§#CHEN #TEMPO_CHEN #DONTMESSUPMYTEMPO #EXO @weareoneEXO https://‚Ä¶
",POSITIVE,75.79905986785889
"RT @FaktaEXO_ID: Ada yang mau cari tahu gambar apa itu yang ada tulisan 'Funky Sweet'Merah putih untuk bendera Indonesia? ü§î#TEMPO_CHEN‚Ä¶
",POSITIVE,76.41621232032776
"Juventus main kokoh di puncak klasemen Liga Italia setelah mengamankan tiga poin dari lawatannya ke markas Empoli b‚Ä¶ https://t.co/H0rwa8mmW0
",POSITIVE,75.02272129058838
"|| Empoli 1 - 2 Juventus ||           „Äã La prima vittoria di un capitano non dimentica mai.„ÄäUn po 'pi√π vicino d‚Ä¶ https://t.co/D544huni5K
",POSITIVE,74.68222975730896
"RT @hai_naaw: Pengen ikutan #BerhentiDiKamu tapi masih jalan ini belum berenti berenti :(
",POSITIVE,75.73652863502502
"RT @EXOVotingSquad: #TEMPO_CHEN The same person‚Ä¶ Kim Jongdae‚Ä¶üòáüòáüòá#EXO #ÏóëÏÜå @weareoneEXO @B_hundred_Hyun @LAY_zhang_ https://t.co/mYPQlC‚Ä¶
",POSITIVE,75.79905986785889
"RT @EXOVotingTeam: EXO-L your favorite picture from #CHEN today? Reply here with use the hastag~~~#EXO  #TEMPO_CHEN  @weareoneEXO @LAY_zh‚Ä¶
",POSITIVE,74.74825382232666
"Notable üëèüèæüëèüèæ @Cristiano @juventusfc
",POSITIVE,75.79905986785889
"RT @projopusat: Di #HariSumpahPemuda kami juga tidak lupa ucapkan Selamat HUT #Ganjar50.. Sehat selalu memimpin Jateng.. @ganjarpranowo @ha‚Ä¶
",POSITIVE,78.27287316322327
"RT @ActuFoot_: Gr√¢ce √† sa victoire face d'Empoli, la Juventus Turin continue sa s√©rie d'invincibilit√© √† l'ext√©rieur toutes comp√©titions con‚Ä¶
",POSITIVE,75.8314311504364
"RT @hakim_joy: Jama'ah istighotsah (mustaghitsin/mustaghitsat) sdh mulai menyemut di stadion Gelora Delta Sidoarjo. Yuks merapat. Yg di lua‚Ä¶
",POSITIVE,75.44417977333069
"mamochki
",POSITIVE,75.79905986785889
"RT @TV9NUsantara: Mari bersama-sama bermunajat memohon ampunan atas segala khilaf kita semua. Simak Live #IstighotsahKubro bersama Masayikh‚Ä¶
",POSITIVE,76.1252760887146
"RT @ClTYFOOL: every gay was born knowing every lyric to bohemian rhapsody
",POSITIVE,75.82851052284241
"RT @EXOVotingSquad: #TEMPO_CHEN200.09MEXOL, what is your target number before showcase?It is not the B word right?!!!! @weareoneEXO‚Ä¶
",POSITIVE,78.61677408218384
"RT @snow_eriL: ¬øPara cuando el tweet con las fotos de Chen @weareoneEXO? Estoy esperando.#TEMPO_CHEN https://t.co/Wh5xREQYws
",POSITIVE,73.79597425460815
"RT @BlueSpring_xo: Î∞ïÎ¨ºÍ¥ÄÏù¥Ï£† „Ö†„Ö†„Ö†„Ö†„Ö†„Ö†„Ö†„Ö†„Ö† Ïó¨Í∏∞ Î™ÖÌôî „Ö†„Ö†„Ö†„Ö†„Ö†„Ö†„Ö†„Ö† ÎèÑÎëëÎßûÏùÄÍ±∞ Í∞ôÏùÄÎç∞Ïöî„Ö†„Ö†„Ö†„Ö†„Ö†„Ö†„Ö†„Ö†„Öú„Öú„Öú„Öú„Öú„Öú„Öú„Ö†„Ö†„Ö†„Ö†„Ö†„Ö† #TEMPO_CHEN #DONT_MESS_UP_MY_TEMPO #EXO #CHEN https://t.c‚Ä¶
",POSITIVE,75.79905986785889
"RT @ainaullmardiah: #HariSumpahPemuda happy Sumpah Pemuda Dayüåû happy sundayüíï make happier muachhhüòôüòôüòô https://t.co/0L66kfy3OO
",POSITIVE,74.99207854270935
"RT @YingShlh: ‡πÑ‡∏°‡πà‡∏£‡∏π‡πâ‡∏°‡∏µ‡πÉ‡∏Ñ‡∏£‡πÄ‡∏õ‡πá‡∏ô‡πÄ‡∏´‡∏°‡∏∑‡∏≠‡∏ô‡∏Å‡∏±‡∏ô‡πÑ‡∏´‡∏° ‡∏ô‡∏µ‡πà‡∏à‡∏∞‡πÅ‡∏û‡πâ‡∏°‡∏≤‡∏Å‡πÄ‡∏ß‡∏•‡∏≤‡∏ó‡∏µ‡πà‡∏û‡∏µ‡πà‡∏à‡∏á‡πÅ‡∏î‡πÄ‡∏≠‡∏≤‡∏´‡∏ô‡πâ‡∏≤‡∏°‡πâ‡∏≤‡∏•‡∏á‡∏õ‡∏£‡∏∞‡∏°‡∏≤‡∏ì‡∏ô‡∏µ‡πâ ‡πÅ‡∏ö‡∏ö‡πÉ‡∏à‡∏ö‡∏≤‡∏á‡πÑ‡∏õ‡∏´‡∏°‡∏îüò≠üò≠üò≠üò≠üò≠üò≠  #TEMPO_CHEN https://t.co/BHJK‚Ä¶
",POSITIVE,75.79905986785889
"RT @RachlanNashidik: Jembatan Suramadu: jejak karya banyak Presiden. Digagas Soekarno,  dilanjutkan perencanaannya oleh Soeharto, Habibie d‚Ä¶
",POSITIVE,76.09540224075317
"RT @Banser_CyberNU: Sedang berlangsung #IstighotsahKubro https://t.co/TKfG3mwJdz
",POSITIVE,75.79905986785889
"RT @Banser_CyberNU: Sedang berlangsung #IstighotsahKubro https://t.co/TKfG3mwJdz
",POSITIVE,75.79905986785889
"RT @dr_gundi: Pembebasan biaya tol diresmikan?oleh presiden pula, bukannya cukup diumumkan menteri PUPR selesai urusan spt jk pengumuman ke‚Ä¶
",POSITIVE,81.17766976356506
"‚òù‚òù
",POSITIVE,75.79905986785889
"RT @infoBMKG: ""Beri aku seribu orang tua, niscaya akan kucabut semeru dari akarnya. Beri aku sepuluh pemuda niscaya akan kuguncangkan dunia‚Ä¶
",POSITIVE,75.4505455493927
"RT @loeyloxe: ‡πÉ‡∏Ñ‡∏£‡∏ö‡∏≠‡∏Å‡∏û‡∏µ‡πà‡∏à‡∏á‡πÅ‡∏î‡πÑ‡∏°‡πà‡∏´‡∏•‡πà‡∏≠ ‡∏ü‡∏≤‡∏î‡∏´‡∏ô‡πâ‡∏≤‡πÅ‡∏°‡πà‡∏á !!!!!! ‡∏´‡∏•‡πà‡∏≠‡∏à‡∏ô‡∏á‡∏á ‡πÄ‡∏ó‡πà‡∏≠‡πà‡∏∞ ‡∏Å‡∏£‡∏µ‡πâ‡∏î‡∏î‡∏î #TEMPO_CHEN https://t.co/dk0KPV6RNF
",POSITIVE,75.79905986785889
"RT @LoveMeDoh: #TEMPO_CHEN https://t.co/gT1g6tSMsj
",POSITIVE,75.79905986785889
"RT @EXOGlobal: [OFFICIAL] 181028 smtown Instagram Story Update - #CHEN  https://t.co/jdUtpE7VVt#TEMPO_CHEN @weareoneEXO https://t.co/Dw‚Ä¶
",POSITIVE,75.79905986785889
"RT @exo_views: #TEMPO_CHEN is trending at #2 worldwide with 257K tweets. Jongdae is also trending worldwide at #10 with 77.4K tweets! His i‚Ä¶
",POSITIVE,72.12626934051514
"Selamat pagi #claplovers! Selamat #HariSumpahPemuda ! Yuk bangkitkan kembali semangat muda-mudi yang ada pada dirim‚Ä¶ https://t.co/lGUx3f0N04
",POSITIVE,74.4236409664154
"RT @PHIXOVotingTeam: üö©whose bias list is in disarray everynight beacause of this kind of photos from DMUMP?? comment down below and dont‚Ä¶
",POSITIVE,78.65975499153137
"@ASapardan Di #HariSumpahPemudaSaatnya üëá#P3mudaPemud1BerSATU #P3mudaPemud1BerSATU #P3mudaPemud1BerSATU‚Ä¶ https://t.co/uyb7yX1u5H
",POSITIVE,75.79905986785889
"RT @aeridays: 180M hearts on vlive showcase video üëè#TEMPO_CHEN @weareoneEXO
",POSITIVE,75.62835812568665
"RT @Ajeng1210: Youth Pledge Day#HariSumpahPemuda #MostRequestedLive https://t.co/FZUuv7Plt0
",POSITIVE,75.79905986785889
"RT @daraprayoga_: kenal 8 tahunpacaran jaman sekolah LDR 1 tahun, ketemu cuma 1 kalipernah lost contact saling blok saling berusaha mov‚Ä¶
",POSITIVE,80.45901656150818
"RT @chensvocalcords: The evolution of Kim Jongdae #TEMPO_CHEN https://t.co/vG6bpMvTMI
",POSITIVE,75.79596638679504
"Alhamdulillah... #IstighotsahKubro pada Mbah Kyai, TNI dan para Santri, kami menitip negeri...
",POSITIVE,75.90046525001526
"RT @MYE0NIVERSE: every exols' bias list rn after jongdae's attac #TEMPO_CHEN @weareoneEXO https://t.co/UQj0Rbj0yu
",POSITIVE,75.77568292617798
"RT @Pikuchen: King of side profile#TEMPO_CHEN https://t.co/CFl81KPD6n
",POSITIVE,75.74355602264404
"RT @EXOGlobal: [OFFICIAL] 181028 smmakesit_live Instagram Update - #CHEN https://t.co/Dwz5jV1Vxr#TEMPO_CHEN @weareoneEXO
",POSITIVE,75.79905986785889
"RT @Banser_CyberNU: Sedang berlangsung #IstighotsahKubro https://t.co/TKfG3mwJdz
",POSITIVE,75.79905986785889
"RT @CHEN__LIVE: Ï≤∏Ïù¥ Ïπ¥Î©îÎùºÎ•º Ï≥êÎã§Î≥¥ÎäîÎç∞ ÎÑàÎ¨¥ ÎßéÏùÄ Ïó¨Î∞±ÏùÑ ÎÇ®Í∏∞ÏßÄ ÎßàÎ°úÎùºÏñºÎπ° ÏñºÎπ° ÎßåÏÑ∏ ÎßåÏÑ∏ #TEMPO_CHEN #CHEN #ÌÇπÍ∞ìÏ≤∏ https://t.co/WtK0TvXqJi
",POSITIVE,75.79905986785889
"@MAMA_Lala09 Suka bgt chen gini #TEMPO_CHEN
",POSITIVE,75.29323101043701
"RT @rlthingy: /rlt/‚ÄúBerikan aku 1000 orang tua, niscaya akan kucabut semeru dari akarnya, berikan aku 1 pemuda, niscaya akan kuguncangkan‚Ä¶
",POSITIVE,75.14348030090332
"RT @ohmaygott: Selamat Hari Sumpah Pemuda ! Pegang teguh ketiga sumpah dan  berkarya untuk Indonesia #HariSumpahPemuda https://t.co/EwWZFhZ‚Ä¶
",POSITIVE,75.37098526954651
"RT @atikahsalsa1: Selamat #HariSumpahPemuda cukup sumpah pemuda aja yg drayakan setiap tahun nya oleh masyarakat dgn rasa bangga, sumpah m‚Ä¶
",POSITIVE,75.50574541091919
"RT @EXOGlobal: [OFFICIAL] 181028 smmakesit_live Instagram Update - #CHEN https://t.co/3NC7fuqvhv#TEMPO_CHEN @weareoneEXO https://t.co/AR‚Ä¶
",POSITIVE,75.79905986785889
"RT @TV9NUsantara: Khusyu dan hadir dalam #IstighotsahKubro PWNU JATIM https://t.co/FL4gax9dRB https://t.co/gkU24LTiVo
",POSITIVE,75.79905986785889
"RT @RachlanNashidik: Jembatan Suramadu: jejak karya banyak Presiden. Digagas Soekarno,  dilanjutkan perencanaannya oleh Soeharto, Habibie d‚Ä¶
",POSITIVE,76.09540224075317
"RT @may___xo: DON'T MESS UP MY TEMPOCircuit #CHEN DAMAGE#ÏóëÏÜå #EXO #weareoneEXO @weareoneEXO #DONTMESSUPMYTEMPO #CHEN #TEMPO_CHEN #Ï≤∏ http‚Ä¶
",POSITIVE,75.79905986785889
"RT @aeridays: The teasers are too short, but which song is your favorite? This album is just getting better and betterüòçüé∂Gravityüé∂ Oh La‚Ä¶
",POSITIVE,77.84008383750916
"RT @fadjroeL: Alhamdulillah, Insya Allah sukses #IstighotsahKubro PWNU Jawa Timur di Stadion Gelora Delta Sidoarjo, Ahad (28/10/2018) tepat‚Ä¶
",POSITIVE,75.79905986785889
"RT @kaiftxing: freshman year vs. senior year #TEMPO_CHEN @weareoneEXO https://t.co/GRLBcINcpp
",POSITIVE,75.37651062011719
"RT @sofians: #HariSumpahPemudaKebohongan penguasa adalah akar penjajahan.Bersatulah pemuda Indonesia!Cerai beraikan permufakatan penguas‚Ä¶
",POSITIVE,75.63524842262268
"RT @rlthingy: /rlt/‚ÄúBerikan aku 1000 orang tua, niscaya akan kucabut semeru dari akarnya, berikan aku 1 pemuda, niscaya akan kuguncangkan‚Ä¶
",POSITIVE,75.14348030090332
"RT @BUNNYMYE0N: 61 (PCY) - Sign ‚úî88 (KJI) - Ooh La La La ‚úî12 (DKS) - Gravity ‚úî04 (BBH) - With You ‚úî99 (KMS) - 24/7 ‚úî94 (OSH) - Bad Dre‚Ä¶
",POSITIVE,75.79905986785889
"RT @infoBMKG: ""Beri aku seribu orang tua, niscaya akan kucabut semeru dari akarnya. Beri aku sepuluh pemuda niscaya akan kuguncangkan dunia‚Ä¶
",POSITIVE,75.4505455493927
"RT @MayjenSudrajat: Pemuda masa Kini ialah pemuda yang Cerdas tidak mudah diadu domba, tidak mudah menyerah, dan terus Kobarkan semangat un‚Ä¶
",POSITIVE,73.81365299224854
"RT @infoBMKG: ""Beri aku seribu orang tua, niscaya akan kucabut semeru dari akarnya. Beri aku sepuluh pemuda niscaya akan kuguncangkan dunia‚Ä¶
",POSITIVE,75.4505455493927
"RT @ClTYFOOL: every gay was born knowing every lyric to bohemian rhapsody
",POSITIVE,75.82851052284241
"RT @DOwithlovexoxo: Are we really having the KIM sandwich theory?!Doh KyungsooKIM JonginByun BaekhyunKIM MinseokPark ChanyeolKIM Jong‚Ä¶
",POSITIVE,75.91956853866577
"RT @ClTYFOOL: every gay was born knowing every lyric to bohemian rhapsody
",POSITIVE,75.82851052284241
"RT @LoveMeDoh: #TEMPO_CHEN https://t.co/gT1g6tSMsj
",POSITIVE,75.79905986785889
"RT @EnserMMII: ‡∏û‡∏µ‡πà‡πÄ‡∏â‡∏¥‡∏ô‡∏ô‡∏ô‡∏ô ‡∏Ñ‡∏∑‡∏≠‡∏î‡∏µ‡∏à‡∏¢‡πå‡∏≠‡πà‡∏∞‡πÅ‡∏Å ‡∏´‡∏•‡πà‡∏≠‡∏°‡∏≤‡∏Å‡∏Å‡∏Å‡∏Å ‡πÄ‡∏õ‡πá‡∏ô‡∏ú‡∏π‡πâ‡∏ä‡∏≤‡∏¢‡∏ó‡∏µ‡πà‡∏ï‡∏µ‡πÄ‡∏Ç‡πâ‡∏≤‡∏î‡πâ‡∏≠‡∏°‡∏î‡πâ‡∏ß‡∏¢‡πÄ‡∏™‡∏µ‡∏¢‡∏á‡πÄ‡∏û‡∏•‡∏á‡∏õ‡∏£‡∏∞‡∏Å‡∏≠‡∏ö‡∏ã‡∏µ‡πà‡∏£‡∏µ‡∏¢‡πå ‡πÅ‡∏•‡∏∞‡πÑ‡∏õ‡∏ü‡∏±‡∏á‡∏Å‡∏π‡∏ß‡πä‡∏≤‡∏ß‡∏°‡∏≤‡∏Å‡∏Å‡∏Å‡∏Å‡∏™‡∏∞‡∏î‡∏∏‡∏î‡∏°‡∏≤‡∏Å‡πÇ‡∏Ñ‡∏£‡∏ï‡∏°‡∏µ‡πÄ‡∏™‡∏ô‡πà‚Ä¶
",POSITIVE,75.79905986785889
"RT @TV9NUsantara: Ahlan wa sahlan para jamaah #IstighotsahKubro di Bumi Shalawat Sidoarjo. Warga Nahdliyin Nahdliyat bermunajat utk Indon‚Ä¶
",POSITIVE,75.8017361164093
"RT @EXOVotingSquad: #TEMPO_CHEN  - Trending Worldwide no 1#CHEN - Trending no 2 in Korea.We just blinked and this happened.Come do you‚Ä¶
",POSITIVE,77.08252668380737
"RT @MonAmiChen: #Tempo_CHEN üëçüèªüëçüèªüò≠üò≠üò≠üíï https://t.co/w3tBCP3Izq
",POSITIVE,75.79905986785889
"RT @Jangkaru_: Tandanya Pemilu 6 bulan lagi..üòÇüòÇ https://t.co/8gMtJ9ZHb0
",POSITIVE,75.79905986785889
"RT @num_koon: ‡∏Å‡∏π‡∏£‡πâ‡∏≠‡∏á‡πÑ‡∏´‡πâ‡πÅ‡∏•‡πâ‡∏ß‡∏ß‡∏ß ‡∏à‡∏á‡πÅ‡∏î‡∏´‡∏•‡πà‡∏≠‡∏°‡∏≤‡∏Å‡∏Å‡∏Å‡∏Å‡∏Å ‡∏Æ‡∏£‡∏∑‡∏≠‡∏≠‡∏≠‡∏≠‡∏≠‡∏≠‡∏≠‡∏≠ ‡∏û‡∏£‡∏¥‡πä‡∏ä‡∏£‡∏á! #TEMPO_CHEN ‚ù§Ô∏è‚ù§Ô∏è‚ù§Ô∏è‚ù§Ô∏è‚ù§Ô∏è ‡πÅ‡∏á‡πâ‡∏ô‡∏ô‡∏ô https://t.co/xRo1Ja8YsG
",POSITIVE,75.79905986785889
"RT @exo_views: #TEMPO_CHEN is trending at #2 worldwide with 257K tweets. Jongdae is also trending worldwide at #10 with 77.4K tweets! His i‚Ä¶
",POSITIVE,72.12626934051514
"RT @baby_chennn: my kitten üíõ#DONTMESSUPMYTEMPO #TEMPO_CHEN  #Ï≤∏ #CHEN https://t.co/Fkl9Kx8hZe
",POSITIVE,75.79905986785889
"Minggu minggu jangan males males pemuda pemudikuu #HariSumpahPemuda
",POSITIVE,76.99707746505737
"RT @BKNgoid: #SobatBKN jk kau mengaku bertumpah darah yg satu, berbangsa satu &amp; berbahasa persatuan, buktikan dgn niat &amp; hati yg tulusBan‚Ä¶
",POSITIVE,69.82880234718323
"RT @medcom_id: Suramadu Gratis, Jumlah Wisatawan ke Madura Diharapkan Meningkat https://t.co/UVgbSfs1G8 https://t.co/AWZ35rWPky
",POSITIVE,75.79905986785889
"RT @smolkjd: remember the day Jongdae did this and wiped out soondingie nation in less than 10 seconds? iconic #TEMPO_CHEN https://t.co/3Uh‚Ä¶
",POSITIVE,76.95637941360474
"RT @Pikuchen: Expectation               Vs                Reality#TEMPO_CHEN https://t.co/uSmux6r4O3
",POSITIVE,75.79905986785889
"RT @EXOfanbase_Int: [CHALLENGE]‚§µÔ∏è300 replies with #TEMPO_CHEN @weareoneEXO &amp; your favorite teasers of CHEN!
",POSITIVE,75.32063126564026
"RT @EXOVotingSquad: #TEMPO_CHEN200.09MEXOL, what is your target number before showcase?It is not the B word right?!!!! @weareoneEXO‚Ä¶
",POSITIVE,78.61677408218384
"RT @daraprayoga_: kenal 8 tahunpacaran jaman sekolah LDR 1 tahun, ketemu cuma 1 kalipernah lost contact saling blok saling berusaha mov‚Ä¶
",POSITIVE,80.45901656150818
"RT @Baroindra: Video ini bagus banget, nyindir pemuda pemudi zaman now yang lupa isi sumpah pemuda, bahkan banyak yang ngobrol sama satu ba‚Ä¶
",POSITIVE,80.40306568145752
"RT @babyz_tigger4B: #TEMPO_CHEN  ‡πÑ‡∏°‡πà‡∏°‡∏µ‡∏≠‡∏∞‡πÑ‡∏£‡∏à‡∏∞‡∏ä‡∏°‡∏•‡∏∞ ‡πÑ‡∏î‡πâ‡πÅ‡∏Ñ‡πà‡∏ö‡∏≠‡∏Å‡∏£‡∏±‡∏Å‡πÅ‡∏ó‡∏ô 55555 https://t.co/a668V0hyHE
",POSITIVE,75.79905986785889
"RT @WWEXOL: [TRENDS] #TEMPO_CHEN and ‚ÄòJongdae‚Äô are trending 2nd and 9th Worldwide! Such is the power of King Jongdae! üëë ‚ö°Ô∏è@weareoneEXO @L‚Ä¶
",POSITIVE,79.64825630187988
"RT @Nnutqy: ‡∏ä‡∏≠‡∏ö‡∏û‡∏µ‡πà‡∏à‡∏á‡πÅ‡∏î‡∏•‡∏∏‡∏Ñ‡πÅ‡∏ö‡∏î‡πÜ‡πÅ‡∏ö‡∏ö‡∏ô‡∏µ‡πâ‡∏°‡∏≤‡∏Å ‡∏î‡∏π‡∏Å‡∏£‡∏∞‡∏î‡∏∏‡∏°‡πÄ‡∏™‡∏∑‡πâ‡∏≠‡πÄ‡∏Ç‡∏≤‡∏™‡∏¥‡∏Ñ‡∏∞ ‡∏Å‡∏£‡∏∞‡∏î‡∏∏‡∏°‡∏¢‡∏±‡∏á‡∏ó‡∏ô‡∏Ñ‡∏ß‡∏≤‡∏°‡∏Æ‡πá‡∏≠‡∏ï‡πÑ‡∏°‡πà‡πÑ‡∏´‡∏ß ‡∏Ñ‡∏∏‡∏ì‡∏û‡∏£‡∏∞!! #TEMPO_CHEN https://t.co/rbFZdWpO5d
",POSITIVE,75.79905986785889
"RT @TV9NUsantara: Mari bersama-sama bermunajat memohon ampunan atas segala khilaf kita semua. Simak Live #IstighotsahKubro bersama Masayikh‚Ä¶
",POSITIVE,76.1252760887146
"code number: 21 | error: ?#TEMPO_CHEN @weareoneEXO  https://t.co/Vd5qHveZJY
",POSITIVE,75.72510838508606
"El golazo de Cristiano Ronaldo al Empoli del que todos hablan: ¬øc√≥mo hizo para meterla ah√≠? https://t.co/nCDuJqJJxj https://t.co/suTedGJm9i
",POSITIVE,75.03896951675415
"RT @mysticbaek: EXOs concepts and new sounds are unique and its something that is different. I love how EXO always sets new trends and take‚Ä¶
",POSITIVE,82.51530528068542
"RT @MAMA_Lala09: Ok beneran tebakan MaMa malam ini Chen ya teasernya üòÑ sesuai janji, MaMa mau GA pulsa 50k buat 1 orang ya. Caranya cukup R‚Ä¶
",POSITIVE,63.94608020782471
"Beri aku 1000 orang tua, niscaya akan kucabut semeru dari akarnya dan beri aku 10 pemuda maka akan kugoncangkan dun‚Ä¶ https://t.co/UmzBrBWNT1
",POSITIVE,75.48072338104248
"RT @Asmara_1701: Dengan peringatan sumpah pemuda ini jangan hanya dijadikan seremonial semata tapi jadikan momentum kembalinya jiwa pemuda‚Ä¶
",POSITIVE,74.10077452659607
"RT @jansen_jsp: Mantap!! JEMBATAN TERPANJANG RI. Kok membanggakan sekali ya. Siapa yg bangun ini ya? Jng sampai yg bangun malah dicaci maki‚Ä¶
",POSITIVE,75.65706968307495
"yuk kita simak pendapat #SobaTani tentang  #HariSumpahPemuda. Ternyata semangat para sobat luar biasa ya üí™üèªüí™üèªüí™üèª‚Ä¶ https://t.co/vhANneL1DM
",POSITIVE,66.87331199645996
"RT @Ferdinand_Haean: Bu Sri Mulyani, membaca berita ini saya jd tak habis pikir, pertimbangan keuangan apa yg ibu berikan kpd Jokowi sehing‚Ä¶
",POSITIVE,80.28717041015625
"RT @OverlordEXO: [TRENDING CHALLENGE]Make This Tweet To Reach 500 Replies As Fast As Possible.Record To Break: 7 MinutesAre We Gonna‚Ä¶
",POSITIVE,75.79905986785889
"Sabar pak #HariSumpahPemuda
",POSITIVE,75.79905986785889
"RT @Baroindra: Video ini bagus banget, nyindir pemuda pemudi zaman now yang lupa isi sumpah pemuda, bahkan banyak yang ngobrol sama satu ba‚Ä¶
",POSITIVE,80.40306568145752
"Liat retweet nya pak dokter @GiaPratamaMD tentang #berhentidikamu rasanya pgn di mute ajaaa. Bikin baper üò©
",POSITIVE,74.57953691482544
"RT @transf_min: Cristiano Ronaldo reage ao segundo golo marcado ao Empoli: ‚Äú""N√£o me lembro muito bem. Foi um lance muito r√°pido, mas foi um‚Ä¶
",POSITIVE,73.98293018341064
"x2#EXO #TEMPO_CHEN @weareoneEXO
",POSITIVE,75.79905986785889
"Selamat #HariSumpahPemuda
",POSITIVE,75.79905986785889
"RT @TheCristianoGuy: Juventus 1-0 down against Empoli and who else to win it for them? A brilliant penalty and a world class strike from Cr‚Ä¶
",POSITIVE,81.82416558265686
